{
 "config": {
  "halflife_days": 180.0,
  "form_halflife_days": 40.0,
  "shrink_k": 10.0,
  "starter_shrink_k": 4.0,
  "starter_weight": 0.6,
  "park_clip": [
   0.8,
   1.25
  ],
  "refit_days": 30,
  "min_fit_rows": 800,
  "l2": 0.001,
  "var_floor_fano": 1.0
 },
 "grid": {
  "180.0": 0.9878719313636056,
  "270.0": 0.9880436838241177,
  "365.0": 0.9884041402622654
 },
 "n_validation": 20332,
 "n_holdout": 2430,
 "validation": {
  "runs_h": {
   "A": {
    "n": 20332,
    "crps": 1.6985205501427223,
    "mae": 2.4395141421951245,
    "rmse": 3.121401309023642
   },
   "B": {
    "n": 20332,
    "crps": 1.6961008241191184,
    "mae": 2.431650380761118,
    "rmse": 3.117626262715175
   },
   "C": {
    "n": 20332,
    "crps": 1.6969196712169048,
    "mae": 2.425586009018189,
    "rmse": 3.118753538986843
   },
   "bobo": {
    "n": 20332,
    "crps": 1.7188993887262347,
    "mae": 2.46655653500719,
    "rmse": 3.155777589707135
   }
  },
  "runs_a": {
   "A": {
    "n": 20332,
    "crps": 1.7299728155107887,
    "mae": 2.491159213734297,
    "rmse": 3.181624971864861
   },
   "B": {
    "n": 20332,
    "crps": 1.7296198798982971,
    "mae": 2.4857603881486368,
    "rmse": 3.1812713186373016
   },
   "C": {
    "n": 20332,
    "crps": 1.7300870310227099,
    "mae": 2.477983188427628,
    "rmse": 3.181501214946795
   },
   "bobo": {
    "n": 20332,
    "crps": 1.7533729271215734,
    "mae": 2.5326489087352124,
    "rmse": 3.222747155380412
   }
  },
  "hits_h": {
   "A": {
    "n": 20332,
    "crps": 1.8180553764719334,
    "mae": 2.5888741316430455,
    "rmse": 3.269995916589867
   },
   "B": {
    "n": 20332,
    "crps": 1.8150599075243163,
    "mae": 2.583022133533643,
    "rmse": 3.265122698283813
   },
   "C": {
    "n": 20332,
    "crps": 1.8147422063183054,
    "mae": 2.585201209112471,
    "rmse": 3.264321191654717
   },
   "bobo": {
    "n": 20332,
    "crps": 1.8378074720188737,
    "mae": 2.6048711759627325,
    "rmse": 3.3050660993167527
   }
  },
  "hits_a": {
   "A": {
    "n": 20332,
    "crps": 1.9382812228375674,
    "mae": 2.7553081892109317,
    "rmse": 3.4935196079847377
   },
   "B": {
    "n": 20332,
    "crps": 1.9355428298334703,
    "mae": 2.748394501039757,
    "rmse": 3.489309249688582
   },
   "C": {
    "n": 20332,
    "crps": 1.9329299592484244,
    "mae": 2.7469128584701483,
    "rmse": 3.4848743591341242
   },
   "bobo": {
    "n": 20332,
    "crps": 1.9617662653050472,
    "mae": 2.7851134443618317,
    "rmse": 3.535673653303881
   }
  },
  "runs_f5_h": {
   "A": {
    "n": 20332,
    "crps": 1.313684986996955,
    "mae": 1.9369424260177004,
    "rmse": 2.476457781026649
   },
   "B": {
    "n": 20332,
    "crps": 1.3109929978835984,
    "mae": 1.926474713811835,
    "rmse": 2.4722674023040576
   },
   "C": {
    "n": 20332,
    "crps": 1.3115028391245158,
    "mae": 1.9252384362472559,
    "rmse": 2.4730972440845362
   },
   "bobo": {
    "n": 20332,
    "crps": 1.3264265306459924,
    "mae": 1.9506178564304084,
    "rmse": 2.497186386578577
   }
  },
  "runs_f5_a": {
   "A": {
    "n": 20332,
    "crps": 1.2245330950018622,
    "mae": 1.8080031192706185,
    "rmse": 2.3218107287456755
   },
   "B": {
    "n": 20332,
    "crps": 1.22245198194401,
    "mae": 1.7982434377210128,
    "rmse": 2.3185283143787094
   },
   "C": {
    "n": 20332,
    "crps": 1.2225661670551058,
    "mae": 1.7944543810942406,
    "rmse": 2.318669293336713
   },
   "bobo": {
    "n": 20332,
    "crps": 1.236379907873341,
    "mae": 1.8305145452328375,
    "rmse": 2.341558465348204
   }
  }
 },
 "holdout_individual": {
  "runs_h": {
   "A": {
    "n": 2430,
    "crps": 1.6827221787250652,
    "mae": 2.3984505464772528,
    "rmse": 3.1073047190222494
   },
   "B": {
    "n": 2430,
    "crps": 1.6775896136910793,
    "mae": 2.384037242481934,
    "rmse": 3.0991334964413393
   },
   "C": {
    "n": 2430,
    "crps": 1.677882271535144,
    "mae": 2.383537196676443,
    "rmse": 3.0984559449330846
   },
   "bobo": {
    "n": 2430,
    "crps": 1.695644175813909,
    "mae": 2.4297517678316156,
    "rmse": 3.132729011631257
   }
  },
  "runs_a": {
   "A": {
    "n": 2430,
    "crps": 1.7914437845783897,
    "mae": 2.583105840838867,
    "rmse": 3.3087093273710506
   },
   "B": {
    "n": 2430,
    "crps": 1.7912728782033742,
    "mae": 2.57912378800468,
    "rmse": 3.3079086366532784
   },
   "C": {
    "n": 2430,
    "crps": 1.790104222625097,
    "mae": 2.5711630380547983,
    "rmse": 3.306344725778334
   },
   "bobo": {
    "n": 2430,
    "crps": 1.8220244702662847,
    "mae": 2.6204786741204598,
    "rmse": 3.3625873513440165
   }
  },
  "hits_h": {
   "A": {
    "n": 2430,
    "crps": 1.814824003892539,
    "mae": 2.5795281212574155,
    "rmse": 3.2872717713398996
   },
   "B": {
    "n": 2430,
    "crps": 1.810503504992466,
    "mae": 2.5705669473042203,
    "rmse": 3.280042187196654
   },
   "C": {
    "n": 2430,
    "crps": 1.8094563253088356,
    "mae": 2.5785495205633246,
    "rmse": 3.2771651854122608
   },
   "bobo": {
    "n": 2430,
    "crps": 1.825999384672306,
    "mae": 2.592404487819324,
    "rmse": 3.3053107622599684
   }
  },
  "hits_a": {
   "A": {
    "n": 2430,
    "crps": 1.9502310509845484,
    "mae": 2.7679049306966985,
    "rmse": 3.5348672370805096
   },
   "B": {
    "n": 2430,
    "crps": 1.9490075595238463,
    "mae": 2.7659996007929752,
    "rmse": 3.5319978815585555
   },
   "C": {
    "n": 2430,
    "crps": 1.9455814308573682,
    "mae": 2.7746484269224485,
    "rmse": 3.525368749363397
   },
   "bobo": {
    "n": 2430,
    "crps": 1.9830584085949805,
    "mae": 2.8114169023450133,
    "rmse": 3.599636077296631
   }
  },
  "runs_f5_h": {
   "A": {
    "n": 2430,
    "crps": 1.2617783820307775,
    "mae": 1.8566063573666807,
    "rmse": 2.365474309454205
   },
   "B": {
    "n": 2430,
    "crps": 1.2592887349591861,
    "mae": 1.845610155227232,
    "rmse": 2.360980662800405
   },
   "C": {
    "n": 2430,
    "crps": 1.2581122480896327,
    "mae": 1.8446230558164332,
    "rmse": 2.3588092696102296
   },
   "bobo": {
    "n": 2430,
    "crps": 1.2701206974467767,
    "mae": 1.8775388291276827,
    "rmse": 2.3805787077654044
   }
  },
  "runs_f5_a": {
   "A": {
    "n": 2430,
    "crps": 1.2195749960040767,
    "mae": 1.7982014136369358,
    "rmse": 2.313543024515261
   },
   "B": {
    "n": 2430,
    "crps": 1.2168265096528206,
    "mae": 1.7890893378931796,
    "rmse": 2.3094340512990135
   },
   "C": {
    "n": 2430,
    "crps": 1.2156585224220349,
    "mae": 1.7878014866202914,
    "rmse": 2.3072640151215933
   },
   "bobo": {
    "n": 2430,
    "crps": 1.2360377606495618,
    "mae": 1.810049539829104,
    "rmse": 2.3452460617496933
   }
  }
 },
 "weights": {
  "runs_h": {
   "A": 0.2770528439413169,
   "B": 0.38092911536368723,
   "C": 0.3420180406949959
  },
  "runs_a": {
   "A": 0.3298955775580732,
   "B": 0.3449335514651364,
   "C": 0.32517087097679037
  },
  "hits_h": {
   "A": 0.24906047310334284,
   "B": 0.3677132805550476,
   "C": 0.3832262463416095
  },
  "hits_a": {
   "A": 0.24542538088978838,
   "B": 0.3263214976838682,
   "C": 0.4282531214263434
  },
  "runs_f5_h": {
   "A": 0.2371992281662811,
   "B": 0.40028407102803387,
   "C": 0.362516700805685
  },
  "runs_f5_a": {
   "A": 0.2443113763565388,
   "B": 0.38249059083923703,
   "C": 0.37319803280422414
  }
 },
 "unified_holdout": {
  "runs_h": {
   "n": 2430,
   "crps": 1.6784965349889307,
   "mae": 2.386887388188701,
   "rmse": 3.1001414643004925
  },
  "runs_a": {
   "n": 2430,
   "crps": 1.7904182747595616,
   "mae": 2.5771267718197257,
   "rmse": 3.306846496991387
  },
  "hits_h": {
   "n": 2430,
   "crps": 1.80943478409192,
   "mae": 2.573545352883231,
   "rmse": 3.2776778261254695
  },
  "hits_a": {
   "n": 2430,
   "crps": 1.9466023383015008,
   "mae": 2.768377765723786,
   "rmse": 3.5277325184304718
  },
  "runs_f5_h": {
   "n": 2430,
   "crps": 1.2590279179752983,
   "mae": 1.847408141651651,
   "rmse": 2.3605861173283653
  },