{
 "n_validation": 81,
 "grid_log": [
  {
   "halflife_days": 365.0,
   "friendly_weight": 0.5,
   "score": 0.91785,
   "n": 81
  },
  {
   "halflife_days": 365.0,
   "friendly_weight": 0.75,
   "score": 0.91218,
   "n": 81
  },
  {
   "halflife_days": 730.0,
   "friendly_weight": 0.5,
   "score": 0.92189,
   "n": 81
  },
  {
   "halflife_days": 730.0,
   "friendly_weight": 0.75,
   "score": 0.91701,
   "n": 81
  }
 ],
 "chosen_config": {
  "halflife_days": 365.0,
  "form_halflife_days": 120.0,
  "shrink_k": 8.0,
  "match_type_weights": {
   "amistoso": 0.75,
   "eliminatoria": 1.0,
   "nations_league": 1.0,
   "continental": 1.2,
   "mundial": 1.2,
   "otro": 0.8
  },
  "dumb_competitive_only": true
 },
 "validation": {
  "goals_h": {
   "A": {
    "n": 81,
    "crps": 0.8315249285745463,
    "mae": 1.1602368716370772,
    "rmse": 1.543845297166074
   },
   "B": {
    "n": 81,
    "crps": 0.8176783956267214,
    "mae": 1.134667650091608,
    "rmse": 1.5101923151650087
   },
   "C": {
    "n": 81,
    "crps": 0.8313668480350188,
    "mae": 1.1409130770974603,
    "rmse": 1.526176226447107
   },
   "bobo": {
    "n": 81,
    "crps": 0.8892677372077146,
    "mae": 1.2223694521813289,
    "rmse": 1.64977517982061
   }
  },
  "goals_a": {
   "A": {
    "n": 81,
    "crps": 0.5457430687668022,
    "mae": 0.845581451462281,
    "rmse": 1.0432352821195168
   },
   "B": {
    "n": 81,
    "crps": 0.5089706845312176,
    "mae": 0.7731645658415314,
    "rmse": 0.9591729511006022
   },
   "C": {
    "n": 81,
    "crps": 0.5055957337176371,
    "mae": 0.7545243127047816,
    "rmse": 0.9453143458769918
   },
   "bobo": {
    "n": 81,
    "crps": 0.5871810931756419,
    "mae": 0.8753389576243407,
    "rmse": 1.1245293919786006
   }
  },
  "corners_h": {
   "A": {
    "n": 81,
    "crps": 1.7509377177114285,
    "mae": 2.363702377229639,
    "rmse": 3.3892043969847454
   },
   "B": {
    "n": 81,
    "crps": 1.7177300007468792,
    "mae": 2.321366017012441,
    "rmse": 3.3055775758569528
   },
   "C": {
    "n": 81,
    "crps": 1.6876211537503107,
    "mae": 2.2959423817818605,
    "rmse": 3.2397133180462245
   },
   "bobo": {
    "n": 81,
    "crps": 1.8248208893640316,
    "mae": 2.5170966184307955,
    "rmse": 3.5244314826230485
   }
  },
  "corners_a": {
   "A": {
    "n": 81,
    "crps": 1.3423432867520786,
    "mae": 1.9513265758551683,
    "rmse": 2.4971894446918603
   },
   "B": {
    "n": 81,
    "crps": 1.3059237313224434,
    "mae": 1.8667890402333187,
    "rmse": 2.4314140331927154
   },
   "C": {
    "n": 81,
    "crps": 1.302225470645355,
    "mae": 1.8695473625894916,
    "rmse": 2.429399464729759
   },
   "bobo": {
    "n": 81,
    "crps": 1.464289329770272,
    "mae": 2.2197120559650796,
    "rmse": 2.6936093091141444
   }
  },
  "yellows_h": {
   "A": {
    "n": 81,
    "crps": 0.5995610442430359,
    "mae": 0.9903748808190964,
    "rmse": 1.133058586154164
   },
   "B": {
    "n": 81,
    "crps": 0.5840429851003898,
    "mae": 0.9396643277542306,
    "rmse": 1.1016376649730064
   },
   "C": {
    "n": 81,
    "crps": 0.5836925934767117,
    "mae": 0.9518602266878565,
    "rmse": 1.1033208894498518
   },
   "bobo": {
    "n": 81,
    "crps": 0.6090548790348221,
    "mae": 1.0181423107367695,
    "rmse": 1.1575048129620267
   }
  },
  "yellows_a": {
   "A": {
    "n": 81,
    "crps": 0.6294962148580102,
    "mae": 0.9835136105780781,
    "rmse": 1.1967315597672594
   },
   "B": {
    "n": 81,
    "crps": 0.6097336914354128,
    "mae": 0.9215546272712805,
    "rmse": 1.165866614771092
   },
   "C": {
    "n": 81,
    "crps": 0.6084078293537167,
    "mae": 0.9386320932005783,
    "rmse": 1.1611525823091493
   },
   "bobo": {
    "n": 81,
    "crps": 0.6833159991874863,
    "mae": 1.0643709949591897,
    "rmse": 1.2907766206771898
   }
  },
  "shots_h": {
   "A": {
    "n": 81,
    "crps": 3.5781362437704654,
    "mae": 4.881072192109987,
    "rmse": 6.4165680808260435
   },
   "B": {
    "n": 81,
    "crps": 3.4698393800986036,
    "mae": 4.662395159720065,
    "rmse": 6.186681409089333
   },
   "C": {
    "n": 81,
    "crps": 3.4439367532331526,
    "mae": 4.619218749359677,
    "rmse": 6.106664767068763
   },
   "bobo": {
    "n": 81,
    "crps": 3.7673203119275445,
    "mae": 5.1860257671337235,
    "rmse": 6.783857780985926
   }
  },
  "shots_a": {
   "A": {
    "n": 81,
    "crps": 2.900359757299831,
    "mae": 4.095584283122262,
    "rmse": 5.53187903836425
   },
   "B": {
    "n": 81,
    "crps": 2.774029232442654,
    "mae": 3.79632704779618,
    "rmse": 5.240702538787844
   },
   "C": {
    "n": 81,
    "crps": 2.7609028228038777,
    "mae": 3.748794621932609,
    "rmse": 5.1894902088286985
   },
   "bobo": {
    "n": 81,
    "crps": 3.2178573586079864,
    "mae": 4.668513827050324,
    "rmse": 6.128715404636059
   }
  },
  "sot_h": {
   "A": {
    "n": 81,
    "crps": 1.5819769310012821,
    "mae": 2.1758338844493967,
    "rmse": 2.924383937547778
   },
   "B": {
    "n": 81,
    "crps": 1.5291370286084953,
    "mae": 2.0940688177654,
    "rmse": 2.8151744948703765
   },
   "C": {
    "n": 81,
    "crps": 1.5272941581182604,
    "mae": 2.066640172974556,
    "rmse": 2.806168819953226
   },
   "bobo": {
    "n": 81,
    "crps": 1.7150659668499908,
    "mae": 2.328651222626244,
    "rmse": 3.1541885253099573
   }
  },
  "sot_a": {
   "A": {
    "n": 81,
    "crps": 1.2291578299384718,
    "mae": 1.8338012351592246,
    "rmse": 2.2564517636771564
   },
   "B": {
    "n": 81,
    "crps": 1.1731745808635574,
    "mae": 1.7003828552832707,
    "rmse": 2.1669160579070645
   },
   "C": {
    "n": 81,
    "crps": 1.1659098957915346,
    "mae": 1.6668610263262271,
    "rmse": 2.1555006301759847
   },
   "bobo": {
    "n": 81,
    "crps": 1.3321730003686407,
    "mae": 1.979862375874683,
    "rmse": 2.4278199910623433
   }
  },
  "reds_h": {
   "A": {
    "n": 81,
    "crps": 0.03777366059540553,
    "mae": 0.10604654023063131,
    "rmse": 0.19553410195068682
   },
   "B": {
    "n": 81,
    "crps": 0.04015233896695494,
    "mae": 0.10545453532577015,
    "rmse": 0.20370787510565114
   },
   "C": {
    "n": 81,
    "crps": 0.03695760763717272,
    "mae": 0.1027775171980322,
    "rmse": 0.19286812198036088
   },
   "bobo": {
    "n": 81,
    "crps": 0.036738364039745286,
    "mae": 0.10863803963074438,
    "rmse": 0.19383244661371934
   }
  },
  "reds_a": {
   "A": {
    "n": 81,
    "crps": 0.09152833809901335,
    "mae": 0.16012220505976096,
    "rmse": 0.36893964962914777
   },
   "B": {
    "n": 81,
    "crps": 0.09099956619768403,
    "mae": 0.1547658922386975,
    "rmse": 0.36774149819861446
   },
   "C": {
    "n": 81,
    "crps": 0.09188422009289034,
    "mae": 0.15926643244916677,
    "rmse": 0.3699201294883847
   },
   "bobo": {
    "n": 81,
    "crps": 0.09399210282275863,
    "mae": 0.16744082463733223,
    "rmse": 0.37425265636770755
   }
  }
 },
 "weights": {
  "goals_h": {
   "A": 0.2636346190430102,
   "B": 0.4709785242350179,
   "C": 0.26538685672197176
  },
  "goals_a": {
   "A": 0.1081971314523692,
   "B": 0.4182684074179304,
   "C": 0.47353446112970027
  },
  "corners_h": {
   "A": 0.14164763823172746,
   "B": 0.2927913420846562,
   "C": 0.5655610196836163
  },
  "corners_a": {
   "A": 0.19747785132135465,
   "B": 0.3875314054436042,
   "C": 0.41499074323504104
  },
  "yellows_h": {
   "A": 0.07244985447052406,
   "B": 0.4541655498727685,
   "C": 0.4733845956567074
  },
  "yellows_a": {
   "A": 0.1807137350773385,
   "B": 0.3987697647503575,
   "C": 0.4205165001723039
  },
  "shots_h": {
   "A": 0.13881633905697938,
   "B": 0.3791045249563382,
   "C": 0.4820791359866824
  },
  "shots_a": {
   "A": 0.17270881077416048,
   "B": 0.395833132119315,
   "C": 0.4314580571065245
  },
  "sot_h": {
   "A": 0.17476993129468923,
   "B": 0.4065411102533303,
   "C": 0.41868895845198045
  },
  "sot_a": {
   "A": 0.14542065641848087,
   "B": 0.39932476790796645,
   "C": 0.45525457567355276
  },
  "reds_h": {
   "bobo": 1.0
  },