{
 "runs_h": {
  "A": 0.2770528439413169,
  "B": 0.38092911536368723,
  "C": 0.3420180406949959
 },
 "runs_a": {
  "A": 0.3298955775580732,
  "B": 0.3449335514651364,
  "C": 0.32517087097679037
 },
 "hits_h": {
  "A": 0.24906047310334284,
  "B": 0.3677132805550476,
  "C": 0.3832262463416095
 },
 "hits_a": {
  "A": 0.24542538088978838,
  "B": 0.3263214976838682,
  "C": 0.4282531214263434
 },
 "runs_f5_h": {
  "A": 0.2371992281662811,
  "B": 0.40028407102803387,
  "C": 0.362516700805685
 },
 "runs_f5_a": {
  "A": 0.2443113763565388,
  "B": 0.38249059083923703,
  "C": 0.37319803280422414
 }
}