{
 "goals_h": {
  "A": 0.2636346190430102,
  "B": 0.4709785242350179,
  "C": 0.26538685672197176
 },
 "goals_a": {
  "A": 0.1081971314523692,
  "B": 0.4182684074179304,
  "C": 0.47353446112970027
 },
 "corners_h": {
  "A": 0.14164763823172746,
  "B": 0.2927913420846562,
  "C": 0.5655610196836163
 },
 "corners_a": {
  "A": 0.19747785132135465,
  "B": 0.3875314054436042,
  "C": 0.41499074323504104
 },
 "yellows_h": {
  "A": 0.07244985447052406,
  "B": 0.4541655498727685,
  "C": 0.4733845956567074
 },
 "yellows_a": {
  "A": 0.1807137350773385,
  "B": 0.3987697647503575,
  "C": 0.4205165001723039
 },
 "shots_h": {
  "A": 0.13881633905697938,
  "B": 0.3791045249563382,
  "C": 0.4820791359866824
 },
 "shots_a": {
  "A": 0.17270881077416048,
  "B": 0.395833132119315,
  "C": 0.4314580571065245
 },
 "sot_h": {
  "A": 0.17476993129468923,
  "B": 0.4065411102533303,
  "C": 0.41868895845198045
 },
 "sot_a": {
  "A": 0.14542065641848087,
  "B": 0.39932476790796645,
  "C": 0.45525457567355276
 },
 "reds_h": {
  "bobo": 1.0
 },
 "reds_a": {
  "A": 0.3333333333333333,
  "B": 0.3333333333333333,
  "C": 0.3333333333333333
 }
}